run_id,timestamp,ticker,model,seed,time_step,train_samples,val_samples,test_samples,training_seconds,train_rmse,train_mae,train_mape,train_r2,train_directional_acc_pct,val_rmse,val_mae,val_mape,val_r2,val_directional_acc_pct,test_rmse,test_mae,test_mape,test_r2,test_directional_acc_pct
AAPL_att_1791210115,2026-10-05T19:51:55.818921,AAPL,GRU_Enhanced_Attention,42,30,322,75,76,4.83,8.6108,7.0145,4.898,0.7479,51.71,10.9692,9.2066,6.07,0.125,52.7,8.0742,6.8017,4.923,-0.3859,49.33
AAPL_noatt_1791210143,2026-10-05T19:52:23.146529,AAPL,GRU_Ablation_GAP,42,30,322,75,76,2.84,9.9653,7.8491,5.688,0.6624,52.02,11.1793,9.7563,6.597,0.0911,54.05,11.8399,10.1258,7.324,-1.9801,46.67
AAPL_level1_price_att_42_1791210621,2026-10-05T20:00:21.767451,AAPL,level1_price,5,Proposed_Attention_GRU,42,30,1520,332,333,10.61,3.9206,2.5414,4.579,0.984,49.24,8.8738,7.1811,4.658,0.6323,49.55,8.7894,7.6248,4.638,0.7957,51.81
AAPL_level2_returns_att_42_1791210643,2026-10-05T20:00:43.969761,AAPL,level2_returns,9,Proposed_Attention_GRU,42,30,1520,332,333,18.98,3.9544,2.5788,4.809,0.9837,48.65,8.3211,6.7505,4.377,0.6767,49.85,8.7229,7.4792,4.526,0.7987,49.4
AAPL_level3_volatility_att_42_1791210672,2026-10-05T20:01:12.361848,AAPL,level3_volatility,13,Proposed_Attention_GRU,42,30,1520,332,333,24.39,3.8353,2.581,4.618,0.9847,48.78,9.5788,7.9083,5.073,0.5716,48.64,10.7401,9.1627,5.418,0.6949,50.3
AAPL_level4_full_att_42_1791210692,2026-10-05T20:01:32.212741,AAPL,level4_full,20,Proposed_Attention_GRU,42,30,1520,332,333,16.46,8.0845,6.109,12.585,0.932,52.27,8.7154,7.1431,4.605,0.6453,51.66,12.8381,10.9344,6.363,0.5641,48.19
RELIANCE_NS_level2_returns_att_1791210864,2026-10-05T20:04:24.832362,RELIANCE_NS,level2_returns,GRU_Enhanced_Attention,42,30,1490,326,326,22.45,36.9757,24.1038,4.828,0.9772,49.23,102.6944,87.9132,7.709,-0.2544,48.62,98.8113,88.3611,7.445,-1.4141,49.54
AAPL_1. Naive (Persistence)_42_1791211328,2026-10-05T20:12:08.388777,AAPL,level2_returns,1. Naive (Persistence),42,30,1520,332,333,0.0,2.5936,1.9351,1.21,0.9822,0.3
AAPL_2. Random Forest_42_1791211357,2026-10-05T20:12:37.122975,AAPL,level2_returns,2. Random Forest,42,30,1520,332,333,28.72,34.5361,29.0814,16.445,-2.1547,46.39
AAPL_3. XGBoost_42_1791211365,2026-10-05T20:12:45.299526,AAPL,level2_returns,3. XGBoost,42,30,1520,332,333,8.17,37.1591,31.8454,18.089,-2.6521,47.29
AAPL_4. Vanilla GRU_42_1791211383,2026-10-05T20:13:03.267953,AAPL,level2_returns,4. Vanilla GRU,42,30,1520,332,333,16.4,3.7104,2.9875,1.822,0.9636,51.81
AAPL_5. Vanilla LSTM_42_1791211397,2026-10-05T20:13:17.707419,AAPL,level2_returns,5. Vanilla LSTM,42,30,1520,332,333,13.5,8.0822,6.7489,3.887,0.8272,47.89
AAPL_6. Standard Attention GRU_42_1791211425,2026-10-05T20:13:45.661061,AAPL,level2_returns,6. Standard Attention GRU,42,30,1520,332,333,23.28,7.6373,6.5346,4.02,0.8457,50.9
AAPL_7. Transformer_42_1791211439,2026-10-05T20:13:59.724303,AAPL,level2_returns,7. Transformer,42,30,1520,332,333,13.0,22.7945,19.0154,10.812,-0.3743,48.49
AAPL_8. Proposed GRU-Enhanced Attn_42_1791211465,2026-10-05T20:14:25.508261,AAPL,level2_returns,8. Proposed GRU-Enhanced Attn,42,30,1520,332,333,22.71,8.8274,7.5937,4.576,0.7939,49.1
AAPL_regime_adaptive_1791211911,2026-10-05T20:21:51.465700,AAPL,level2_returns,regime_adaptive,42,30,1520,332,333,7.54,9.2781,8.0276,4.8,0.7723,50.0
